iter,t_iter_s,peak_mem_mb,loss,vx,grad_norm,terrain_level,loss_v,loss_clear,n_falls,n_timeouts,n_move_up,n_move_down,n_fall_height,n_fall_tilt,mean_base_h,min_base_h
0,0.7252665279999064,2.11968,1.6688196659088135,0.09679216891527176,0.6992163062095642,nan,0.16269396245479584,0.0,0.0,0.0,nan,nan,0.0,0.0,0.3380858103434245,0.3353584110736847
1,0.37663491799992244,3.164672,1.465377688407898,0.12432295083999634,0.6385667324066162,nan,0.14147207140922546,0.0,0.0,0.0,nan,nan,0.0,0.0,0.33765220642089844,0.3363545835018158
2,0.3744039309999607,3.164672,1.2006235122680664,0.16398699581623077,0.605283796787262,nan,0.1134733185172081,0.0,0.0,0.0,nan,nan,0.0,0.0,0.33651475111643475,0.3359857499599457
3,0.3835379050000256,3.164672,0.8241239786148071,0.2289128452539444,0.5342885255813599,nan,0.07427690923213959,0.0,0.0,0.0,nan,nan,0.0,0.0,0.33723243077596027,0.33616676926612854
4,0.3775554700000612,3.164672,0.4454588294029236,0.31699252128601074,0.2995494306087494,nan,0.034379005432128906,0.0,0.0,0.0,nan,nan,0.0,0.0,0.33822377522786456,0.3372528851032257
5,0.37492624300000443,3.164672,0.19814695417881012,0.4193463921546936,0.10079114139080048,nan,0.007504819892346859,0.0,0.0,0.0,nan,nan,0.0,0.0,0.3381557861963908,0.3371112048625946
6,0.37589669700003014,3.164672,0.16880111396312714,0.5210777521133423,0.1930680125951767,nan,0.0014543421566486359,0.0,0.0,0.0,nan,nan,0.0,0.0,0.33628352483113605,0.3343128561973572
7,0.3770378270000947,3.164672,0.3074125349521637,0.5915404558181763,0.37008747458457947,nan,0.009043555706739426,0.0,0.0,0.0,nan,nan,0.0,0.0,0.3316233555475871,0.3278469443321228
8,0.38021772899992357,3.164672,0.41497817635536194,0.6142124533653259,0.4242047071456909,nan,0.013814917765557766,0.0,0.0,0.0,nan,nan,0.0,0.0,0.3231864968935649,0.31755176186561584
9,0.3767369120000694,3.164672,0.4806787371635437,0.6259477138519287,0.4023451507091522,nan,0.017021026462316513,0.0,0.0,0.0,nan,nan,0.0,0.0,0.31216110785802204,0.3057153820991516
10,0.3745048459999225,3.164672,0.5684179663658142,0.6482381820678711,0.5124919414520264,nan,0.023199385032057762,0.0,0.0,0.0,nan,nan,0.0,0.0,0.3006356358528137,0.29345953464508057
11,0.3738327030000619,3.164672,0.639471173286438,0.6726571917533875,0.567223846912384,nan,0.030667847022414207,0.0,0.0,0.0,nan,nan,0.0,0.0,0.2884169816970825,0.2798640727996826
12,0.3739351990000159,3.164672,0.7057355642318726,0.6896792054176331,0.5656931400299072,nan,0.036354463547468185,0.0,0.0,0.0,nan,nan,0.0,0.0,0.27449917793273926,0.2644751965999603
13,0.3811595720000014,3.164672,0.835864782333374,0.7100738286972046,0.5739615559577942,nan,0.04448000714182854,0.0,0.0,0.0,nan,nan,0.0,0.0,0.2587670882542928,0.24778509140014648
14,0.3825445500000342,3.164672,1.1751971244812012,0.6084253787994385,0.34851735830307007,nan,0.06882083415985107,0.0,0.0,0.0,nan,nan,0.0,0.0,0.24279705683390299,0.2369079291820526
15,0.38123589200006336,3.164672,5.142346382141113,-0.18043242394924164,2.6462011337280273,nan,0.4722077250480652,0.0,0.0,0.0,nan,nan,0.0,0.0,0.25469493865966797,0.2386486530303955
16,0.3889755849999119,3.164672,5.207085609436035,-0.1881282478570938,2.7815053462982178,nan,0.4765464961528778,0.0,0.0,0.0,nan,nan,0.0,0.0,0.2764611442883809,0.26496657729148865
17,0.38333387300008326,3.164672,3.2643749713897705,-0.031118255108594894,2.1027207374572754,nan,0.2855994701385498,0.0,0.0,0.0,nan,nan,0.0,0.0,0.28929175933202106,0.2819552719593048
18,0.38117241300005844,3.164672,2.4718923568725586,0.04881809279322624,1.4619475603103638,nan,0.20608466863632202,0.0,0.0,0.0,nan,nan,0.0,0.0,0.29634026686350506,0.2927011251449585
19,0.380909029999998,3.164672,2.6973137855529785,0.026560503989458084,1.5078794956207275,nan,0.2270345687866211,0.0,0.0,0.0,nan,nan,0.0,0.0,0.2999632954597473,0.29779931902885437
20,0.38015944799997214,3.164672,2.955655813217163,0.0008844169205985963,1.6241464614868164,nan,0.25212642550468445,0.0,0.0,0.0,nan,nan,0.0,0.0,0.30122949679692584,0.30032381415367126
21,0.3819506109999793,3.164672,3.123481035232544,-0.016411785036325455,1.5519825220108032,nan,0.269540935754776,0.0,0.0,0.0,nan,nan,0.0,0.0,0.3005448778470357,0.29935717582702637
22,0.3807626139999911,3.164672,3.172084093093872,-0.020375845953822136,1.3460105657577515,nan,0.27349913120269775,0.0,0.0,0.0,nan,nan,0.0,0.0,0.29883060852686566,0.2973560690879822
23,0.38005001600004107,3.164672,3.0389368534088135,-0.008106309920549393,1.2708935737609863,nan,0.26069092750549316,0.0,0.0,0.0,nan,nan,0.0,0.0,0.29701751470565796,0.2956826090812683
24,0.3817539909999823,3.164672,2.8879330158233643,0.006566518917679787,1.1785329580307007,nan,0.245681494474411,0.0,0.0,0.0,nan,nan,0.0,0.0,0.29566796620686847,0.29454049468040466
25,0.3808942170001046,3.164672,2.812445640563965,0.014203222468495369,1.1639043092727661,nan,0.23793703317642212,0.0,0.0,0.0,nan,nan,0.0,0.0,0.295102596282959,0.29406651854515076
26,0.3829651429999785,3.164672,2.8127849102020264,0.015345603227615356,1.169753909111023,nan,0.23657958209514618,0.0,0.0,0.0,nan,nan,0.0,0.0,0.29521451393763226,0.2940411865711212
27,0.3805546720000166,3.164672,2.8541290760040283,0.010810531675815582,1.260276436805725,nan,0.24070677161216736,0.0,0.0,0.0,nan,nan,0.0,0.0,0.29557494322458905,0.2941088378429413
28,0.38048276000006354,3.164672,2.936997890472412,0.004065871704369783,1.2926363945007324,nan,0.24713754653930664,0.0,0.0,0.0,nan,nan,0.0,0.0,0.2956983248392741,0.2936466634273529
29,0.3809749399999873,3.164672,3.035418748855591,-0.003996354527771473,1.3573384284973145,nan,0.2551535665988922,0.0,0.0,0.0,nan,nan,0.0,0.0,0.2952044407526652,0.2924995422363281
30,0.38767709400008243,3.164672,3.1202127933502197,-0.010769706219434738,1.3621631860733032,nan,0.2622889280319214,0.0,0.0,0.0,nan,nan,0.0,0.0,0.2938835223515828,0.29045549035072327
31,0.38262151200001426,3.164672,3.220688819885254,-0.01785081997513771,1.073923110961914,nan,0.269933819770813,0.0,0.0,0.0,nan,nan,0.0,0.0,0.2915700475374858,0.2870253324508667
32,0.3799821019999854,3.164672,3.255023956298828,-0.01693449541926384,0.5095945000648499,nan,0.27010834217071533,0.0,0.0,0.0,nan,nan,0.0,0.0,0.28824669122695923,0.2823335528373718
33,0.38434287099994435,3.164672,3.1640784740448,-0.002550832461565733,0.7358817458152771,nan,0.2577505111694336,0.0,0.0,0.0,nan,nan,0.0,0.0,0.2840566833813985,0.27681800723075867
34,0.3818112610000526,3.164672,2.99916410446167,0.021082056686282158,0.7116679549217224,nan,0.23779186606407166,0.0,0.0,0.0,nan,nan,0.0,0.0,0.2791372934977214,0.27062854170799255
35,0.3805767260000721,3.164672,2.87037992477417,0.04132851958274841,0.5418472290039062,nan,0.22061805427074432,0.0,0.0,0.0,nan,nan,0.0,0.0,0.2736754020055135,0.2643934190273285
36,0.38286184499997944,3.164672,2.8451409339904785,0.04742703214287758,0.3670136034488678,nan,0.21497033536434174,0.0,0.0,0.0,nan,nan,0.0,0.0,0.2679724097251892,0.2592889070510864
37,0.3845934280000165,3.164672,2.9250826835632324,0.039176665246486664,0.38536912202835083,nan,0.22189593315124512,0.0,0.0,0.0,nan,nan,0.0,0.0,0.2624831994374593,0.2535652220249176
38,0.3838330340000766,3.164672,2.956554651260376,0.03376975283026695,0.4943366050720215,nan,0.22563914954662323,0.0,0.0,0.0,nan,nan,0.0,0.0,0.25759170452753705,0.24927487969398499
39,0.38786894999998367,3.164672,3.0032248497009277,0.026123616844415665,0.4187251329421997,nan,0.2311452329158783,0.0,0.0,0.0,nan,nan,0.0,0.0,0.25386706988016766,0.24748587608337402
40,0.384623151000028,3.164672,3.0911803245544434,0.014422737061977386,0.5806238651275635,nan,0.24035024642944336,0.0,0.0,0.0,nan,nan,0.0,0.0,0.2522244056065877,0.24734880030155182
41,0.38605113200003416,3.164672,3.0641660690307617,0.015509484335780144,0.6201873421669006,nan,0.23825177550315857,0.0,0.0,0.0,nan,nan,0.0,0.0,0.2522406180699666,0.2479971945285797
42,0.38525000399999954,3.164672,3.013324737548828,0.01910463348031044,0.5431420803070068,nan,0.2342188060283661,0.0,0.0,0.0,nan,nan,0.0,0.0,0.2529947559038798,0.24893367290496826
43,0.3836452929999723,3.164672,2.9702858924865723,0.021495085209608078,0.754808247089386,nan,0.2314724177122116,0.0,0.0,0.0,nan,nan,0.0,0.0,0.2541760603586833,0.2512565553188324
44,0.3839172980000285,3.164672,2.934335947036743,0.023668475449085236,0.7695977687835693,nan,0.22923342883586884,0.0,0.0,0.0,nan,nan,0.0,0.0,0.2556668321291606,0.2512562572956085
45,0.3837066380000351,3.164672,2.919401168823242,0.02467716485261917,0.5589466691017151,nan,0.22849242389202118,0.0,0.0,0.0,nan,nan,0.0,0.0,0.2574193477630615,0.25168946385383606
46,0.38356687800001055,3.164672,2.904650926589966,0.027070943266153336,0.3291591703891754,nan,0.22710345685482025,0.0,0.0,0.0,nan,nan,0.0,0.0,0.2594152291615804,0.2533542513847351
47,0.3806975849998935,3.164672,2.8667213916778564,0.03169558569788933,0.34051743149757385,nan,0.22456064820289612,0.0,0.0,0.0,nan,nan,0.0,0.0,0.26168058315912884,0.25532659888267517
48,0.37991271900000356,3.164672,2.864650011062622,0.03523055464029312,0.4165760576725006,nan,0.22447900474071503,0.0,0.0,0.0,nan,nan,0.0,0.0,0.26420774062474567,0.25720590353012085
49,0.381066988999919,3.164672,2.875208854675293,0.03806312382221222,0.28655433654785156,nan,0.22708646953105927,0.0,0.0,0.0,nan,nan,0.0,0.0,0.26681216557820636,0.25943809747695923
