iter,t_iter_s,peak_mem_mb,loss,vx,grad_norm,terrain_level,loss_v,loss_clear,n_falls,n_timeouts,n_move_up,n_move_down,n_fall_height,n_fall_tilt,mean_base_h,min_base_h,mean_n_contact,mean_base_z,mean_foot_clear,min_foot_clear
0,2.318143845999998,64.18176,6.953178882598877,0.0627775564789772,0.08854421973228455,2.4853515625,0.6835440397262573,0.0,0.0,0.0,0.0,0.0,0.0,0.0,0.30008556445439655,0.27125978469848633,0.2785237630208333,0.21918592850367227,-0.03218646099170049,-0.14538055658340454
1,0.6706217220000212,64.809472,7.247888565063477,0.15739218890666962,0.13781626522541046,2.4853515625,0.7041248679161072,0.0,0.0,0.0,0.0,0.0,0.0,0.0,0.24546827872594199,0.1904512345790863,0.3560791015625,0.16456456979115805,-0.09141586224238078,-0.20293790102005005
2,0.6784576229999857,64.809472,7.158383846282959,0.12643006443977356,0.11210791021585464,1.75390625,0.6979663372039795,0.0,931.0,0.0,0.0,905.0,931.0,0.0,0.2694774071375529,0.15647399425506592,0.3603922526041667,0.19657987356185913,-0.06207743287086487,-0.24053031206130981
3,0.6634189270000093,64.809984,6.5748186111450195,-0.006855791434645653,0.06739076972007751,1.75390625,0.6512603163719177,0.0,0.0,0.0,0.0,0.0,0.0,0.0,0.3367663621902466,0.320020854473114,0.340576171875,0.271820068359375,0.013643208891153336,-0.08586716651916504
4,0.6687731609999901,64.809984,6.66835355758667,0.009399333037436008,0.06210503354668617,1.75390625,0.6568856239318848,0.0,0.0,0.0,0.0,0.0,0.0,0.0,0.30537215868632,0.27195268869400024,0.3350423177083333,0.24042588472366333,-0.018128772576649983,-0.12283581495285034
5,0.6667950070000188,64.809984,6.851516246795654,0.040891069918870926,0.09695872664451599,1.75390625,0.6682734489440918,0.0,0.0,0.0,0.0,0.0,0.0,0.0,0.25335713227589923,0.2012338787317276,0.3495686848958333,0.1884107987085978,-0.07021558284759521,-0.18611931800842285
6,0.6776544379999905,64.809984,6.950936794281006,0.028611058369278908,0.06425262987613678,1.185546875,0.6773788332939148,0.0,931.0,0.0,0.0,897.0,931.0,0.0,0.2529594302177429,0.15705567598342896,0.36083984375,0.1934731403986613,-0.07002241412798564,-0.23825132846832275
7,0.6708087160000105,64.809984,6.7940592765808105,-0.03954087942838669,0.17229068279266357,1.185546875,0.6720669269561768,0.0,0.0,0.0,0.0,0.0,0.0,0.0,0.3386189142862956,0.29385989904403687,0.3619384765625,0.28817540407180786,0.016598763565222423,-0.04341670870780945
8,0.6716704570000047,64.809984,6.897458076477051,0.012749147601425648,0.1643466204404831,1.185546875,0.6795287132263184,0.0,0.0,0.0,0.0,0.0,0.0,0.0,0.3097517490386963,0.2515968680381775,0.3621826171875,0.2593367099761963,-0.013099675377209982,-0.08891819417476654
9,0.6780635029999758,64.809984,7.09237003326416,0.07741733640432358,0.14360322058200836,1.185546875,0.6931037902832031,0.0,0.0,0.0,0.0,0.0,0.0,0.0,0.2600138584772746,0.18637773394584656,0.3579508463541667,0.20959881941477457,-0.06378550330797832,-0.15499940514564514
10,0.692118617999995,64.809984,6.993718147277832,0.07413715124130249,0.08584019541740417,0.7470703125,0.6797966957092285,0.0,931.0,0.0,0.0,900.0,931.0,0.0,0.23652714490890503,0.1570523977279663,0.3511555989583333,0.18914496898651123,-0.08603150645891826,-0.21828079223632812
11,0.689346396000019,64.809984,6.2362895011901855,-0.022985277697443962,0.1604883223772049,0.7470703125,0.6174912452697754,0.0,0.0,0.0,0.0,0.0,0.0,0.0,0.3394014040629069,0.2666128873825073,0.344482421875,0.30124948422114056,0.01949983462691307,-0.0530632808804512
12,0.6915215330000137,64.809984,6.30233907699585,0.025158870965242386,0.1463664472103119,0.7470703125,0.6216846108436584,0.0,0.0,0.0,0.0,0.0,0.0,0.0,0.31337334712346393,0.2629237771034241,0.3404134114583333,0.27522655328114826,-0.008513742436965307,-0.09085486084222794
13,0.7061016150000228,64.809984,6.502804279327393,0.08140948414802551,0.16364586353302002,0.7470703125,0.636181116104126,0.0,0.0,0.0,0.0,0.0,0.0,0.0,0.26681538422902423,0.1976318061351776,0.3389892578125,0.22867083549499512,-0.05740561087926229,-0.1625569462776184
14,0.7117616269999871,64.809984,6.695002555847168,0.0906413197517395,0.12457672506570816,0.42578125,0.648804783821106,0.0,930.0,0.0,0.0,894.0,930.0,0.0,0.2226659655570984,0.15337051451206207,0.3391520182291667,0.18556145826975504,-0.10208357373873393,-0.22805853188037872
15,0.694047812000008,64.809984,6.592263698577881,0.011864952743053436,0.1552116870880127,0.4248046875,0.6540870666503906,0.0,1.0,0.0,0.0,1.0,1.0,0.0,0.3422814607620239,0.15744318068027496,0.3425699869791667,0.31252479553222656,0.01873557021220525,-0.1856239140033722
16,0.700027480000017,64.809984,6.739908218383789,0.03873155266046524,0.1937723159790039,0.4248046875,0.6664131879806519,0.0,0.0,0.0,0.0,0.0,0.0,0.0,0.319243848323822,0.2770485281944275,0.3507080078125,0.28948307037353516,-0.007787515098849933,-0.08442749828100204
17,0.6986870680000266,64.809984,7.070202350616455,0.07333098351955414,0.2275259643793106,0.4248046875,0.6939591765403748,0.0,0.0,0.0,0.0,0.0,0.0,0.0,0.2754886547724406,0.2081969678401947,0.3546549479166667,0.24572795629501343,-0.05360874533653259,-0.14453446865081787
18,0.6996194209999658,64.809984,7.4120965003967285,0.0896492451429367,0.1358259618282318,0.2490234375,0.7188843488693237,0.0,927.0,0.0,0.0,899.0,927.0,0.0,0.2112840215365092,0.15692436695098877,0.3583577473958333,0.1815029780069987,-0.11939618984858195,-0.22780466079711914
19,0.7120530200000417,64.809984,6.767801284790039,0.02156270667910576,0.2308536320924759,0.248046875,0.6714112162590027,0.0,4.0,0.0,0.0,4.0,4.0,0.0,0.3451739549636841,0.1570279747247696,0.3599853515625,0.31875814994176227,0.01851307600736618,-0.19228452444076538
20,0.6906381599999918,64.809984,6.9443230628967285,0.0316423736512661,0.22900813817977905,0.248046875,0.6863298416137695,0.0,0.0,0.0,0.0,0.0,0.0,0.0,0.3247215350468953,0.28433603048324585,0.356689453125,0.29831039905548096,-0.008840125675002733,-0.08748304843902588
21,0.6939084090000165,64.809984,7.421457767486572,0.04827430471777916,0.23096784949302673,0.248046875,0.7283927798271179,0.0,0.0,0.0,0.0,0.0,0.0,0.0,0.28339656194051105,0.2183012217283249,0.35205078125,0.2569435238838196,-0.05392782390117645,-0.15230131149291992
22,0.7004024479999771,64.809984,7.95005989074707,0.05268673226237297,0.18115469813346863,0.248046875,0.7716392278671265,0.0,4.0,0.0,0.0,4.0,4.0,0.0,0.22148416439692178,0.15670934319496155,0.3471272786458333,0.1949806809425354,-0.11882664759953816,-0.23709237575531006
23,0.7191397249999909,64.809984,6.79927396774292,0.020284656435251236,0.27176737785339355,0.22265625,0.6693035960197449,0.0,927.0,0.0,0.0,900.0,927.0,0.0,0.32574065526326496,0.15617413818836212,0.3485107421875,0.29885955651601154,-0.004760791237155597,-0.24906235933303833
24,0.7041329350000183,64.809984,6.765719413757324,0.013378266245126724,0.2607800364494324,0.22265625,0.6649996042251587,0.0,0.0,0.0,0.0,0.0,0.0,0.0,0.32887335618336994,0.2910885810852051,0.3404134114583333,0.3019137779871623,-0.012685040632883707,-0.10737799108028412
25,0.7153776150000226,64.809984,7.589395999908447,-0.005072707775980234,0.2340545654296875,0.22265625,0.7409986257553101,0.0,0.0,0.0,0.0,0.0,0.0,0.0,0.289775808652242,0.22818304598331451,0.3246663411458333,0.26278360684712726,-0.05808231234550476,-0.1700836569070816
26,0.7124555020000116,64.809984,8.60349178314209,-0.005819716490805149,0.32272112369537354,0.22265625,0.8330201506614685,0.0,2.0,0.0,0.0,2.0,2.0,0.0,0.2302438219388326,0.15783058106899261,0.3218587239583333,0.20325915018717447,-0.1190570096174876,-0.24831271171569824
27,0.723987913999963,64.809984,6.915222644805908,-0.0017239161534234881,0.04238908737897873,0.2177734375,0.6756014227867126,0.0,929.0,0.0,0.0,897.0,929.0,0.0,0.30777881542841595,0.15614239871501923,0.3253987630208333,0.2805325190226237,-0.02604559560616811,-0.2594909965991974
28,0.7062260839999794,64.809984,6.389888763427734,0.0046500107273459435,0.20933613181114197,0.216796875,0.6214949488639832,0.0,1.0,0.0,0.0,1.0,0.0,1.0,0.33238645394643146,0.294506311416626,0.3214518229166667,0.30503684282302856,-0.010900350908438364,-0.09883817285299301
29,0.6970823810000297,64.809984,7.579363822937012,-0.0070043206214904785,0.08847328275442123,0.216796875,0.7293773889541626,0.0,0.0,0.0,0.0,0.0,0.0,0.0,0.29543691873550415,0.23361347615718842,0.3186442057291667,0.2680962085723877,-0.056456029415130615,-0.1640481799840927
