iter,t_iter_s,peak_mem_mb,loss,vx,grad_norm,terrain_level,loss_v,loss_clear,loss_gproj,loss_tilt,tilt_frac_active,loss_fq,loss_fres,foot_res_abs_mean,loss_omega,loss_ctrl,loss_yaw,mean_abs_yaw_cmd,n_falls,n_timeouts,n_move_up,n_move_down,n_fall_height,n_fall_tilt,mean_base_h,min_base_h,mean_n_contact,mean_base_z,mean_foot_clear,min_foot_clear
0,1.9946871600000122,109.331968,1.708713173866272,0.09594361484050751,0.3197798430919647,2.4853515625,0.16634607315063477,0.0,0.0003315914364065975,0.0,0.0,2.14757164940238e-06,4.318259016145021e-06,0.0019356798147782683,0.27885502576828003,0.0036912155337631702,2.713077628868632e-05,0.0,0.0,0.0,0.0,0.0,0.0,0.0,0.3378715515136719,0.2961282432079315,2.9428304036458335,0.25694018602371216,0.019971154630184174,-0.10675173997879028
1,0.9353707909999684,114.454016,1.6528286933898926,0.10422827303409576,0.3105924427509308,2.4853515625,0.16057820618152618,0.0,0.0006933686090633273,0.0,0.0,2.2951705886953278e-06,3.758902948902687e-06,0.0016141002997756004,0.030675096437335014,0.013036775402724743,7.921355427242815e-05,0.0,0.0,0.0,0.0,0.0,0.0,0.0,0.33680975437164307,0.2928403317928314,3.858642578125,0.2558104197184245,0.021272686620553333,-0.07244998216629028
2,0.9358999849998781,114.454016,1.6205252408981323,0.10861019790172577,0.34445276856422424,2.4853515625,0.15675011277198792,0.0,0.0008560855640098453,0.0,0.0,2.3290585886570625e-06,4.979278855898883e-06,0.0014766256790608168,0.01882975548505783,0.05156257748603821,0.0001691051002126187,0.0,0.0,0.0,0.0,0.0,0.0,0.0,0.33518552780151367,0.2916353642940521,3.8797200520833335,0.2540932099024455,0.0213189497590065,-0.029009319841861725
3,0.9408814620001067,114.454016,1.5155342817306519,0.12209711223840714,0.3804242014884949,2.4853515625,0.1456070840358734,0.0,0.0009526267531327903,0.0,0.0,2.3538118512078654e-06,7.492129952879623e-06,0.0018032355001196265,0.016045521944761276,0.12860456109046936,0.00028807029593735933,0.0,0.0,0.0,0.0,0.0,0.0,0.0,0.33521854877471924,0.2951605021953583,3.86669921875,0.2540261149406433,0.021266818046569824,-0.02909734845161438
4,0.9530345990001479,114.454016,1.313840627670288,0.15006378293037415,0.39935624599456787,2.4853515625,0.12463437020778656,0.0,0.0010026771342381835,0.0,0.0,2.3328507268161047e-06,1.1017032193194609e-05,0.00228846725076437,0.013535181991755962,0.2678649425506592,0.00041387759847566485,0.0,0.0,0.0,0.0,0.0,0.0,0.0,0.3356448809305827,0.2976306974887848,3.8658854166666665,0.2544638713200887,0.021220373610655468,-0.03060734272003174
5,0.9431937300000754,114.454016,1.0475144386291504,0.1919189840555191,0.3909161388874054,2.4853515625,0.09680425375699997,0.0,0.0010255950037389994,0.0,0.0,2.4497999220329802e-06,1.5403089491883293e-05,0.0027821369003504515,0.012520574033260345,0.511926531791687,0.0005181941669434309,0.0,0.0,0.0,0.0,0.0,0.0,0.0,0.33578868707021076,0.30163851380348206,3.8706868489583335,0.2546068032582601,0.021168542404969532,-0.03850048780441284
6,0.9444534480001039,114.454016,0.7537712454795837,0.24767731130123138,0.3429240584373474,2.4853515625,0.06579548865556717,0.0,0.0010401118779554963,0.0,0.0,2.5512504180369433e-06,2.073669747915119e-05,0.0032940837554633617,0.01261058822274208,0.9214074015617371,0.000585962668992579,0.0,0.0,0.0,0.0,0.0,0.0,0.0,0.3355581760406494,0.2991712689399719,3.8736572265625,0.2543323834737142,0.0210835263133049,-0.04714304208755493
7,0.9450114400001439,114.454016,0.48624393343925476,0.31614670157432556,0.24522267282009125,2.4853515625,0.036505188792943954,0.0,0.0010422940831631422,0.0,0.0,2.5963197458622744e-06,2.7224912628298625e-05,0.0038164942525327206,0.010785501450300217,1.5764808654785156,0.0006209507118910551,0.0,0.0,0.0,0.0,0.0,0.0,0.0,0.33473487695058185,0.29608362913131714,3.8680826822916665,0.2535715699195862,0.020985494057337444,-0.0562518835067749
8,0.933483649999971,114.454016,0.3015056550502777,0.3927334249019623,0.10868966579437256,2.4853515625,0.01460736058652401,0.0,0.0010454105213284492,0.0,0.0,2.653573346833582e-06,3.484744229353964e-05,0.004359587095677853,0.010805537924170494,2.5895304679870605,0.0006303511327132583,0.0,0.0,0.0,0.0,0.0,0.0,0.0,0.33317164580027264,0.2918162941932678,3.8507893880208335,0.252005934715271,0.020876802504062653,-0.0651940107345581
9,0.9380866869998954,114.454016,0.24306359887123108,0.46820250153541565,0.07544601708650589,2.4853515625,0.004190885461866856,0.0,0.0010984602849930525,0.0,0.0,2.906921281464747e-06,4.369626913103275e-05,0.004921091720461845,0.015339046716690063,4.028622627258301,0.0006192442961037159,0.0,0.0,0.0,0.0,0.0,0.0,0.0,0.3302273154258728,0.2855693995952606,3.8162841796875,0.2490436633427938,0.020766941209634144,-0.0734143853187561
10,0.9481925019999835,114.454016,0.2969672679901123,0.5257899761199951,0.19820961356163025,2.4853515625,0.003813853021711111,0.0,0.0012933006510138512,0.0,0.0,3.245120751671493e-06,5.3326435590861365e-05,0.005461535882204771,0.03229812532663345,5.7564191818237305,0.0005939240800216794,0.0,0.0,0.0,0.0,0.0,0.0,0.0,0.32510338226954144,0.2713608145713806,3.6478678385416665,0.24386638402938843,0.020619623363018036,-0.07723337411880493
11,0.9470930909999424,114.454016,0.38400235772132874,0.5588635206222534,0.2690105140209198,2.4853515625,0.006523097865283489,0.0,0.001828460837714374,0.0,0.0,3.6154876852378948e-06,6.239425420062616e-05,0.005912847816944122,0.08514170348644257,7.357028007507324,0.0005654109991155565,0.0,0.0,0.0,0.0,0.0,0.0,0.0,0.3170010447502136,0.2505391240119934,3.2998860677083335,0.2357425093650818,0.020521756261587143,-0.07728862762451172
12,0.9499804489998951,114.454016,0.48506179451942444,0.589268684387207,0.32273069024086,2.4853515625,0.011183107271790504,0.0,0.0034050862304866314,0.0,0.0,3.984852355642943e-06,6.993720307946205e-05,0.00625425111502409,0.2946377694606781,8.461268424987793,0.0005438042571768165,0.0,0.0,0.0,0.0,0.0,0.0,0.0,0.30626386404037476,0.22430938482284546,3.2200520833333335,0.22507490714391074,0.020456214745839436,-0.07735151052474976
13,0.9560216350000701,114.454016,0.6256467700004578,0.6292374134063721,0.39376285672187805,2.4853515625,0.020641107112169266,0.0,0.007954653352499008,0.0,0.0,4.511055067268899e-06,7.530466245952994e-05,0.006484925746917725,0.7711290717124939,8.869325637817383,0.0005324186058714986,0.0,0.0,0.0,0.0,0.0,0.0,0.0,0.29407695929209393,0.20309533178806305,3.1862386067708335,0.21299360195795694,0.020337212830781937,-0.07741570472717285
14,0.9586746089998996,114.454016,0.8485583662986755,0.6689835786819458,0.4737195074558258,2.4853515625,0.03882243484258652,0.0,0.01846073567867279,0.0,0.0,5.099094778415747e-06,7.835120777599514e-05,0.0066038258373737335,1.4355192184448242,8.597246170043945,0.0005373102612793446,0.0,0.0,0.0,0.0,0.0,0.0,0.0,0.2803865273793538,0.20091085135936737,3.1392822265625,0.19931761423746744,0.020307297507921856,-0.07741057872772217
15,0.9487715949999256,114.454016,1.136588454246521,0.6967362761497498,0.5211577415466309,2.4853515625,0.06432683765888214,0.0,0.03938847780227661,0.0,0.0,5.586161478277063e-06,7.903476944193244e-05,0.006600390188395977,2.4837636947631836,7.767338752746582,0.0005683598574250937,0.0,0.0,0.0,0.0,0.0,0.0,0.0,0.26399560769399005,0.1968592405319214,3.0704752604166665,0.18284122149149576,0.020528558641672134,-0.07683593034744263
16,0.949071007999919,114.454016,1.5445642471313477,0.7062920331954956,0.5182247161865234,2.4853515625,0.1000092625617981,0.0,0.07846832275390625,5.802164082524541e-08,0.0009358724346384406,5.9570802477537654e-06,7.692956569371745e-05,0.006454266607761383,4.412911891937256,6.491209983825684,0.0006558006862178445,0.0,0.0,0.0,0.0,0.0,0.0,0.0,0.24471131960550943,0.1820206344127655,3.0096435546875,0.1635553240776062,0.0206355315943559,-0.07599610090255737
17,0.9455851600000642,114.454016,2.3515803813934326,0.46533530950546265,0.3842254877090454,2.4853515625,0.1777239292860031,0.0,0.1417149305343628,1.509057142357051e-06,0.0020345053635537624,6.197465154400561e-06,7.158153312047943e-05,0.006163787096738815,4.672000885009766,4.959887981414795,0.0008284528157673776,0.0,0.0,0.0,0.0,0.0,0.0,0.0,0.22675822178522745,0.18955767154693604,1.8511962890625,0.14554851253827414,0.02058613921205203,-0.07426416873931885
18,0.9329011449999598,114.454016,5.4126386642456055,-0.15033528208732605,2.003741502761841,2.4853515625,0.48965615034103394,0.0,0.18386374413967133,9.708746802061796e-06,0.0043538413010537624,6.374951681209495e-06,6.426874460885301e-05,0.005801912397146225,1.4947551488876343,3.983034133911133,0.001125642447732389,0.0,0.0,0.0,0.0,0.0,0.0,0.0,0.23415420452753702,0.18519800901412964,1.8684895833333333,0.152868390083313,0.020479233314593632,-0.07151436805725098
19,0.9282869989999654,114.454016,5.099810600280762,-0.15860776603221893,2.0490972995758057,2.4853515625,0.4609154164791107,0.0,0.23641686141490936,5.199609950068407e-05,0.0394694022834301,6.384477273968514e-06,5.6008379033301026e-05,0.0053663416765630245,2.8505170345306396,3.151456832885742,0.0015938783762976527,0.0,0.0,0.0,0.0,0.0,0.0,0.0,0.2483485539754232,0.17789065837860107,1.9491373697916667,0.1669536828994751,0.02049774055679639,-0.06846994161605835
20,0.923844089999875,114.454016,3.377166986465454,-0.026791591197252274,1.53364098072052,2.4853515625,0.29060205817222595,0.0,0.2932126820087433,0.00033319424255751073,0.0943196639418602,6.428138476621825e-06,5.180966036277823e-05,0.005120550282299519,1.323752760887146,2.8250157833099365,0.002223276300355792,0.0,0.0,0.0,0.0,0.0,0.0,0.0,0.25759174426396686,0.1722475290298462,1.8477783203125,0.17550168434778848,0.020527297010024387,-0.06457394361495972
21,0.9294357750000017,114.454016,2.717543840408325,0.03125414624810219,0.4229031801223755,2.474609375,0.22515563666820526,0.0,0.3191089630126953,0.0008018340449780226,0.6554362177848816,5.973641236778349e-06,4.9771639169193804e-05,0.004996874835342169,0.3698127269744873,2.753978729248047,0.023174291476607323,0.0,11.0,0.0,0.0,11.0,0.0,11.0,0.2630246678988139,0.1672956943511963,1.76123046875,0.1803096334139506,0.02055988957484563,-0.060296833515167236
22,0.9483009709999806,114.454016,2.876986503601074,0.013901357538998127,0.48919838666915894,2.466796875,0.2408578097820282,0.0,0.3255753517150879,0.000997958704829216,0.8475748896598816,5.461404271045467e-06,4.85247110191267e-05,0.004904274828732014,0.1079535111784935,2.790456533432007,0.03183373063802719,0.0,8.0,0.0,0.0,8.0,0.0,8.0,0.26552369197209674,0.18905822932720184,1.8968505859375,0.18182478348414102,0.020598148306210835,-0.05630159378051758
23,0.9358388780001405,114.454016,3.1089327335357666,-0.007760887965559959,0.7844299674034119,2.4638671875,0.2636088728904724,0.0,0.3226095139980316,0.0009909808868542314,0.8177490234375,5.438825610326603e-06,4.812509723706171e-05,0.004837498068809509,0.08832550048828125,2.9234375953674316,0.005781969986855984,0.0,3.0,0.0,0.0,3.0,0.0,3.0,0.26575154066085815,0.21255959570407867,1.9819742838541667,0.18136229117711386,0.02063907062013944,-0.05192577838897705
24,0.972145232999992,114.47296,3.1898813247680664,-0.011583231389522552,1.0377073287963867,2.462890625,0.2706124186515808,0.0,0.31458836793899536,0.0010128351859748363,0.6142578125,5.45263901585713e-06,4.8907277232501656e-05,0.004823384806513786,0.13330863416194916,3.193294048309326,0.007231668569147587,0.0,1.0,0.0,0.0,1.0,0.0,1.0,0.26388277610143024,0.21001026034355164,2.0255126953125,0.1792406439781189,0.02065363898873329,-0.04641979932785034
25,0.9871161329999723,114.47296,3.18222975730896,-0.006633789278566837,0.7542058825492859,2.4609375,0.2687321901321411,0.0,0.30404365062713623,0.0010671380441635847,0.2270101010799408,5.373613930714782e-06,5.079365655547008e-05,0.004849500022828579,0.14566722512245178,3.6060009002685547,0.011047313921153545,0.0,2.0,0.0,0.0,2.0,0.0,2.0,0.26112645864486694,0.21012920141220093,2.0304361979166665,0.17644115289052328,0.020682726055383682,-0.0406530499458313
26,1.0056145020000713,114.47296,3.0710222721099854,0.007676730398088694,0.9505736231803894,2.4609375,0.2565811574459076,0.0,0.29332947731018066,0.0010142808314412832,0.0911458358168602,5.384360520110931e-06,5.343847442418337e-05,0.004885397385805845,0.12933500111103058,4.1573333740234375,0.006976768374443054,0.0,0.0,0.0,0.0,0.0,0.0,0.0,0.2585275173187256,0.21069437265396118,2.0351969401041665,0.17391614119211832,0.020665404697259266,-0.03428131341934204
27,1.0287185409999893,114.47296,2.8741302490234375,0.031210698187351227,0.7299395799636841,2.4599609375,0.23532477021217346,0.0,0.28544747829437256,0.0011215575505048037,0.0833740234375,5.377028173825238e-06,5.7084031141130254e-05,0.004946301691234112,0.12580889463424683,4.888116836547852,0.012461544945836067,0.0,1.0,0.0,0.0,1.0,0.0,1.0,0.2559742331504822,0.2104714810848236,2.0335693359375,0.1713685393333435,0.020641367882490158,-0.03662264347076416
28,1.0418534479999835,114.47296,2.7625820636749268,0.045555852353572845,0.31404897570610046,2.4580078125,0.22281520068645477,0.0,0.27818185091018677,0.00110125623177737,0.0758463591337204,5.367751327867154e-06,6.164469959912822e-05,0.0051216306164860725,0.12577968835830688,5.824920654296875,0.026157788932323456,0.0,5.0,0.0,0.0,5.0,0.0,5.0,0.254173219203949,0.21012184023857117,2.0307210286458335,0.16969569524129233,0.02065560594201088,-0.03657233715057373
29,1.0627560519999406,114.47296,2.7607624530792236,0.04917706176638603,0.3594512939453125,2.453125,0.22112512588500977,0.0,0.27311426401138306,0.0009971588151529431,0.0733235701918602,5.286846771923592e-06,6.648411363130435e-05,0.00540937390178442,0.13082744181156158,6.88157844543457,0.015087093226611614,0.0,5.0,0.0,0.0,5.0,0.0,5.0,0.2531502644220988,0.20357763767242432,2.0332438151041665,0.16849084695180258,0.020576550314823788,-0.034369587898254395
30,1.0669699749998927,114.47296,2.788034677505493,0.050206735730171204,0.31021180748939514,2.4501953125,0.2225000560283661,0.0,0.2701743543148041,0.000779018911998719,0.0709228515625,5.161602530279197e-06,7.124045805539936e-05,0.005697834305465221,0.16167759895324707,8.076295852661133,0.008625231683254242,0.0,3.0,0.0,0.0,3.0,0.0,3.0,0.2528114120165507,0.1927582025527954,2.022705078125,0.16784701744715372,0.020521572480599087,-0.025409936904907227
31,1.0883223139999245,114.47296,2.811994791030884,0.04779651015996933,0.23747897148132324,2.447265625,0.22359466552734375,0.0,0.2692641615867615,0.0006434451788663864,0.0677490234375,5.2260252232372295e-06,7.528410060331225e-05,0.005971096456050873,0.1694997251033783,9.332536697387695,0.013192939572036266,0.0,5.0,0.0,0.0,5.0,0.0,5.0,0.2527047594388326,0.19213730096817017,2.009521484375,0.1675649881362915,0.02049689119060834,-0.024117618799209595
32,1.1168492419999438,114.47296,2.862614154815674,0.03807402402162552,0.4441152811050415,2.4443359375,0.2281503528356552,0.0,0.2696692943572998,0.0006456409464590251,0.0665690153837204,5.2064751798752695e-06,7.794622069923207e-05,0.006221718154847622,0.12760698795318604,10.431100845336914,0.010716273449361324,0.0,3.0,0.0,0.0,3.0,0.0,3.0,0.25273404518763226,0.19213169813156128,2.00732421875,0.16752795378367105,0.020514109482367832,-0.01543164998292923
33,1.1250186999998277,114.47296,2.8863871097564697,0.034924037754535675,0.5760026574134827,2.443359375,0.22990596294403076,0.0,0.27064627408981323,0.0007184825371950865,0.06591796875,5.19158857059665e-06,7.975002517923713e-05,0.006464995443820953,0.12831130623817444,11.567140579223633,0.010169779881834984,0.0,1.0,0.0,0.0,1.0,0.0,1.0,0.25283271074295044,0.1923847794532776,2.01318359375,0.1677515705426534,0.020528188596169155,-0.015377886593341827
34,1.1307291640000585,114.47296,2.8764796257019043,0.03549038618803024,0.3278655409812927,2.439453125,0.228551983833313,0.0,0.27091485261917114,0.0007475605234503746,0.0693766325712204,5.224473625276005e-06,8.066699228947982e-05,0.006680028513073921,0.11111906170845032,12.835345268249512,0.012906949035823345,0.0,4.0,0.0,0.0,4.0,0.0,4.0,0.25302666425704956,0.19335192441940308,2.0231526692708335,0.16774837176005045,0.02045946071545283,-0.015729263424873352
35,1.1154594729998735,114.47296,2.8708858489990234,0.036190882325172424,0.2972249686717987,2.43359375,0.2281530797481537,0.0,0.2690580487251282,0.0005850237794220448,0.0720621794462204,5.335546120477375e-06,7.991833263076842e-05,0.006838723085820675,0.09713234007358551,13.879179000854492,0.013203851878643036,0.0,6.0,0.0,0.0,6.0,0.0,6.0,0.2535386284192403,0.19339054822921753,2.0414632161458335,0.1680071751276652,0.020441857477029163,-0.01566428691148758
36,1.1448423379999895,114.47296,2.8689212799072266,0.038281381130218506,0.34479469060897827,2.431640625,0.22796893119812012,0.0,0.26996856927871704,0.0006513861007988453,0.0768229216337204,5.523666914086789e-06,7.824671774869785e-05,0.00696593476459384,0.12090390175580978,14.678607940673828,0.01589943841099739,0.0,3.0,0.0,0.0,3.0,0.0,3.0,0.2535776098569234,0.19265323877334595,2.062744140625,0.16799962520599365,0.020395124951998394,-0.017501533031463623
37,1.1694174500000827,114.47296,2.865407705307007,0.03816290572285652,0.3142310082912445,2.4296875,0.22777888178825378,0.0,0.2714366912841797,0.0006661046063527465,0.0742594450712204,5.660427632392384e-06,7.728379569016397e-05,0.007107301615178585,0.12223019450902939,15.528407096862793,0.014160402119159698,0.0,2.0,0.0,0.0,2.0,0.0,2.0,0.2541687289873759,0.1925371289253235,2.0891927083333335,0.16840209563573202,0.02036094417174657,-0.026390671730041504
38,1.1531562309999117,114.47296,2.8494160175323486,0.041173093020915985,0.2960847020149231,2.427734375,0.22607986629009247,0.0,0.27576199173927307,0.0007806954672560096,0.071533203125,5.699901066691382e-06,7.723341695964336e-05,0.007250330876559019,0.1529301255941391,16.43720245361328,0.022228440269827843,0.0,3.0,0.0,0.0,3.0,0.0,3.0,0.2551848689715068,0.19555212557315826,2.1207682291666665,0.16931329170862833,0.02035839855670929,-0.012500680983066559
39,1.1460653459998866,114.47296,2.8121581077575684,0.0449148491024971,0.23796696960926056,2.423828125,0.22262834012508392,0.0,0.2815399169921875,0.0007016452727839351,0.0713297575712204,5.845875421073288e-06,7.735972758382559e-05,0.0073529197834432125,0.1893719881772995,17.203453063964844,0.01672736182808876,0.0,6.0,0.0,0.0,6.0,0.0,6.0,0.2571556369463603,0.19126522541046143,2.1442057291666665,0.17117400964101157,0.02041308581829071,-0.011111408472061157
40,1.1178291240000817,114.47296,2.7755298614501953,0.04802975803613663,0.2721208333969116,2.4189453125,0.21953003108501434,0.0,0.29149073362350464,0.000633401214145124,0.1260986328125,5.890125521545997e-06,7.625915895914659e-05,0.007369138300418854,0.2360914945602417,17.423439025878906,0.028765104711055756,0.0,6.0,0.0,0.0,6.0,0.0,6.0,0.259990930557251,0.19269409775733948,2.1393636067708335,0.1739527185757955,0.020398772011200588,-0.014116108417510986
41,1.0724896959998205,114.47296,2.7507452964782715,0.04801816865801811,0.29963409900665283,2.4189453125,0.2180544137954712,0.0,0.30561789870262146,0.0005634817061945796,0.4262288510799408,5.901393706153613e-06,7.516593905165792e-05,0.007345879450440407,0.3140980005264282,17.35439682006836,0.011392727494239807,0.0,1.0,0.0,0.0,1.0,0.0,1.0,0.2637590368588765,0.20791557431221008,2.1111653645833335,0.1776093045870463,0.020352058112621307,-0.0252687931060791
42,1.1081675759999143,114.47296,2.769566774368286,0.043914612382650375,0.49415820837020874,2.4189453125,0.22032037377357483,0.0,0.32697317004203796,0.001031097024679184,0.8470458984375,5.839012374053709e-06,7.671193452551961e-05,0.007451086770743132,0.3951699137687683,17.352760314941406,0.013793271034955978,0.0,0.0,0.0,0.0,0.0,0.0,0.0,0.2679878870646159,0.20691251754760742,2.0651448567708335,0.18174582719802856,0.020359743386507034,-0.015093505382537842
43,1.1271202860000358,114.47296,2.7851810455322266,0.04256681352853775,0.4367060661315918,2.416015625,0.2215650975704193,0.0,0.3504492938518524,0.0018833987414836884,0.9124349355697632,5.758758106821915e-06,7.918702613096684e-05,0.0075905113480985165,0.4533303678035736,17.64067840576172,0.017816057428717613,0.0,4.0,0.0,0.0,4.0,0.0,4.0,0.27261773745218915,0.20350897312164307,2.0267740885416665,0.1862856944402059,0.020365276684363682,-0.01497042179107666
44,1.0731184870001016,114.47296,2.787567615509033,0.0418962724506855,0.3510739207267761,2.4130859375,0.22192269563674927,0.0,0.37199872732162476,0.002934742718935013,0.9182536005973816,5.8778909988177475e-06,7.98844630480744e-05,0.007649563252925873,0.4517988860607147,17.4332332611084,0.030513107776641846,0.0,7.0,0.0,0.0,7.0,0.0,7.0,0.27724969387054443,0.207011878490448,1.9917399088541667,0.19079991181691489,0.02025495966275533,-0.03473541885614395
45,1.0438700009999593,114.47296,2.8120105266571045,0.037851542234420776,0.4303091764450073,2.41015625,0.225061297416687,0.0,0.3916192054748535,0.004395497031509876,0.9225667715072632,5.9020549088018015e-06,7.846888911444694e-05,0.007617070339620113,0.376945823431015,16.531469345092773,0.026211414486169815,0.0,4.0,0.0,0.0,4.0,0.0,4.0,0.2813919385274251,0.21153849363327026,1.9571126302083333,0.1947130560874939,0.020179157455762226,-0.03510153293609619
46,1.047015268999985,114.47296,2.8605356216430664,0.03314138203859329,0.3263441026210785,2.4013671875,0.23081175982952118,0.0,0.40696439146995544,0.005938995163887739,0.9217529296875,5.947409135842463e-06,7.541917875641957e-05,0.00750577962026,0.3256953954696655,15.232356071472168,0.0437178872525692,0.0,9.0,0.0,0.0,9.0,0.0,9.0,0.28448084990183514,0.21553850173950195,1.9308675130208333,0.19759426514307657,0.02018636092543602,-0.035224877297878265
47,1.053777577999881,114.47296,2.9348342418670654,0.025681179016828537,0.3628885746002197,2.3984375,0.2398863434791565,0.0,0.4150225520133972,0.006886092480272055,0.9179280996322632,5.990246336295968e-06,7.093857129802927e-05,0.0073143853805959225,0.292357861995697,13.605788230895996,0.026181694120168686,0.0,6.0,0.0,0.0,6.0,0.0,6.0,0.28644760449727374,0.21796971559524536,1.9344889322916667,0.19938848416010538,0.020196185757716496,-0.03533538430929184
48,1.0464511980001134,114.47296,3.0678775310516357,0.011681489646434784,0.5307878851890564,2.3935546875,0.2543741464614868,0.0,0.4208376407623291,0.007923921570181847,0.9171549677848816,6.105949978518765e-06,6.567714444827288e-05,0.007062132935971022,0.27964866161346436,11.951316833496094,0.028406016528606415,0.0,5.0,0.0,0.0,5.0,0.0,5.0,0.2869715491930644,0.21733933687210083,1.940185546875,0.19968960682551065,0.02024894207715988,-0.035416215658187866
49,1.038807942999938,114.47296,3.181844711303711,-0.0004269866622053087,0.25939878821372986,2.3857421875,0.26709091663360596,0.0,0.4190431237220764,0.008304230868816376,0.9122314453125,6.281007699726615e-06,6.0613958339672536e-05,0.006802361458539963,0.27675482630729675,10.52779769897461,0.04737316817045212,0.0,10.0,0.0,0.0,10.0,0.0,10.0,0.28684139251708984,0.2171289324760437,1.9455159505208333,0.19927672545115152,0.02024041737119357,-0.035391613841056824
50,1.0481952739999087,114.47296,3.2488837242126465,-0.009447084739804268,0.41833779215812683,2.37890625,0.27520865201950073,0.0,0.41298720240592957,0.008233582600951195,0.90576171875,6.34024536338984e-06,5.6016222515609115e-05,0.006553805433213711,0.27542242407798767,9.177987098693848,0.04695727676153183,0.0,10.0,0.0,0.0,10.0,0.0,10.0,0.28580280145009357,0.21059632301330566,1.9680989583333333,0.19809114933013916,0.020230128119389217,-0.03534797579050064
51,1.052902172999893,114.47296,3.2565102577209473,-0.011777261272072792,0.1699758917093277,2.3701171875,0.27745169401168823,0.0,0.4012874960899353,0.007563973776996136,0.8941650390625,6.25052325631259e-06,5.243985651759431e-05,0.006335459183901548,0.26666826009750366,8.263224601745605,0.03595792502164841,0.0,9.0,0.0,0.0,9.0,0.0,9.0,0.28494540850321454,0.20933538675308228,2.0079752604166665,0.19696078697840372,0.020217788716157276,-0.035186901688575745
52,1.0420093150000866,114.47296,3.220289468765259,-0.009089162573218346,0.07568288594484329,2.359375,0.2749979496002197,0.0,0.3882419466972351,0.006704894360154867,0.8813070058822632,6.256250344449654e-06,4.99946327181533e-05,0.006169361528009176,0.24719059467315674,7.612285137176514,0.043663155287504196,0.0,13.0,0.0,0.0,13.0,0.0,13.0,0.2841562231381734,0.21789675951004028,2.0403645833333335,0.1959919532140096,0.02021827424565951,-0.04232668876647949
53,1.0488476099999389,114.47296,3.180569887161255,-0.0043951235711574554,0.05843411013484001,2.3505859375,0.2717966139316559,0.0,0.37793952226638794,0.006146622356027365,0.8724772334098816,6.130932888481766e-06,4.817416629521176e-05,0.006037378683686256,0.2465319037437439,7.107327938079834,0.055765967816114426,0.0,11.0,0.0,0.0,11.0,0.0,11.0,0.28318609793980914,0.21064504981040955,2.0575358072916665,0.19491708278656006,0.020215121408303578,-0.053801000118255615
54,1.070777155000087,114.47296,3.1429078578948975,-0.00032902637030929327,0.12162946164608002,2.341796875,0.2687687575817108,0.0,0.3691719174385071,0.005778334103524685,0.8606771230697632,6.065268280508462e-06,4.675140371546149e-05,0.005930828861892223,0.2465832680463791,6.71197509765625,0.042203303426504135,0.0,11.0,0.0,0.0,11.0,0.0,11.0,0.28248685598373413,0.22753381729125977,2.0751546223958335,0.1938717563947042,0.02016599476337433,-0.06711351871490479
55,1.1208484479998333,114.47296,3.106923818588257,0.004832965787500143,0.11772481352090836,2.330078125,0.2655675709247589,0.0,0.3621487617492676,0.00551400613039732,0.85009765625,5.868536391062662e-06,4.578116931952536e-05,0.005854225717484951,0.259268194437027,6.612569332122803,0.06373384594917297,0.0,13.0,0.0,0.0,13.0,0.0,13.0,0.2819713552792867,0.22450172901153564,2.0915934244791665,0.1929778258005778,0.02011287088195483,-0.07676047086715698
56,1.112479409999878,114.47296,3.053223133087158,0.012081240303814411,0.12452012300491333,2.322265625,0.2604922652244568,0.0,0.35431551933288574,0.005019408650696278,0.8357340693473816,5.605794285656884e-06,4.518807691056281e-05,0.005800177808851004,0.2746151089668274,6.720686912536621,0.05677184462547302,0.0,12.0,0.0,0.0,12.0,0.0,12.0,0.28204524517059326,0.21724945306777954,2.1185709635416665,0.1927479306856791,0.020101337383190792,-0.0767328143119812
57,1.05480177000004,114.47296,3.0145184993743896,0.01944660022854805,0.0868571400642395,2.3115234375,0.2564239501953125,0.0,0.3511354923248291,0.005120206158608198,0.8263753652572632,5.606913873634767e-06,4.5107066398486495e-05,0.005777278449386358,0.31031250953674316,7.010871887207031,0.058207154273986816,0.0,15.0,0.0,0.0,15.0,0.0,15.0,0.2818745772043864,0.21448564529418945,2.1275227864583335,0.19250323375066122,0.02014001210530599,-0.07667315006256104
58,1.0080237459999353,114.47296,2.971036434173584,0.02657611295580864,0.16124363243579865,2.3037109375,0.25201427936553955,0.0,0.3469485938549042,0.004987131804227829,0.81298828125,5.518749276234303e-06,4.499770511756651e-05,0.0057534752413630486,0.3449227213859558,7.343791484832764,0.049016281962394714,0.0,10.0,0.0,0.0,10.0,0.0,10.0,0.2823506196339925,0.2173427939414978,2.14111328125,0.19257442156473795,0.02015691747268041,-0.07663148641586304
59,1.0028493320000962,114.47296,2.949861526489258,0.03275221958756447,0.11912621557712555,2.2958984375,0.2489059865474701,0.0,0.3484407663345337,0.005631398409605026,0.8067220449447632,5.462921308208024e-06,4.554011320578866e-05,0.0057739317417144775,0.40041816234588623,7.911866188049316,0.06747034192085266,0.0,11.0,0.0,0.0,11.0,0.0,11.0,0.28229602177937824,0.22198815643787384,2.1465657552083335,0.19235358635584512,0.020177363107601803,-0.07660102844238281
60,1.0363339079999605,114.47296,2.932185649871826,0.037458404898643494,0.09083327651023865,2.28125,0.24607591331005096,0.0,0.3498484492301941,0.0064624156802892685,0.7945963740348816,5.478597813635133e-06,4.624902067007497e-05,0.005807326175272465,0.4517202079296112,8.588630676269531,0.09084443747997284,0.0,21.0,0.0,0.0,21.0,0.0,21.0,0.2825637658437093,0.2162175178527832,2.1455078125,0.19207082192103067,0.020214088261127472,-0.07657420635223389
61,1.0420137950000026,114.47296,2.892061710357666,0.04388986900448799,0.09642035514116287,2.2646484375,0.24172048270702362,0.0,0.3467435836791992,0.0067804730497300625,0.7749837636947632,5.539334779314231e-06,4.634257857105695e-05,0.005807140376418829,0.4817907214164734,9.17630672454834,0.09248628467321396,0.0,19.0,0.0,0.0,19.0,0.0,19.0,0.28384631872177124,0.21302951872348785,2.1617431640625,0.19327624638875326,0.020253794888655346,-0.07655352354049683
62,1.0310218660001738,114.47296,2.8597710132598877,0.05015847831964493,0.0913042351603508,2.25,0.2381342649459839,0.0,0.3467418849468231,0.007635151036083698,0.75732421875,5.633939508697949e-06,4.6596600441262126e-05,0.005832848604768515,0.5239889621734619,9.704962730407715,0.10680145025253296,0.0,17.0,0.0,0.0,17.0,0.0,17.0,0.28502633174260456,0.20734846591949463,2.1691487630208335,0.19446887572606406,0.02023361623287201,-0.07653331756591797
63,1.0273054280000906,114.47296,2.8230392932891846,0.057021364569664,0.09277510643005371,2.2314453125,0.23451706767082214,0.0,0.3468467593193054,0.008591683581471443,0.739013671875,5.641782536258688e-06,4.672748036682606e-05,0.005857787560671568,0.5708322525024414,9.995431900024414,0.10158185660839081,0.0,23.0,0.0,0.0,23.0,0.0,23.0,0.28629926840464276,0.20762532949447632,2.183837890625,0.1951658527056376,0.020234389851490658,-0.07651358842849731
64,1.0178536130001703,114.47296,2.778543472290039,0.0651194378733635,0.09834174066781998,2.216796875,0.23045822978019714,0.0,0.34715625643730164,0.00966471154242754,0.718505859375,5.5289792726398446e-06,4.661174534703605e-05,0.005866640247404575,0.6259448528289795,10.013849258422852,0.10381019115447998,0.0,19.0,0.0,0.0,19.0,0.0,19.0,0.2877904375394185,0.20873290300369263,2.2058512369791665,0.19660860300064087,0.02022341142098109,-0.07649099826812744
65,1.0352393669998037,114.47296,2.7439146041870117,0.07266536355018616,0.10762748122215271,2.1953125,0.22758857905864716,0.0,0.34901127219200134,0.0113053098320961,0.6983236074447632,5.578174750553444e-06,4.656792589230463e-05,0.00587371876463294,0.6944670081138611,9.69464111328125,0.10644732415676117,0.0,26.0,0.0,0.0,26.0,0.0,26.0,0.2892676591873169,0.21012556552886963,2.203369140625,0.1984546979268392,0.02029566963513692,-0.07646673917770386
66,1.1131693820000237,114.47296,2.7216906547546387,0.07956883311271667,0.09642565250396729,2.1669921875,0.22620511054992676,0.0,0.3517918288707733,0.01351986825466156,0.6764323115348816,5.534889169211965e-06,4.620338950189762e-05,0.0058508580550551414,0.7790770530700684,8.988594055175781,0.13184605538845062,0.0,34.0,0.0,0.0,34.0,0.0,34.0,0.2907280723253886,0.21144866943359375,2.2217203776041665,0.19977468252182007,0.02037501335144043,-0.07645034790039062
67,1.0619135629999619,114.47296,2.675665855407715,0.08536987751722336,0.08466213196516037,2.1328125,0.22325055301189423,0.0,0.34236210584640503,0.014645053073763847,0.6378580927848816,5.443386726255994e-06,4.5439104724209756e-05,0.00579206645488739,0.8244104385375977,8.069120407104492,0.1730574369430542,0.0,48.0,0.0,0.0,48.0,0.0,48.0,0.29421130816141766,0.21232861280441284,2.2794189453125,0.20305814345677695,0.020521104335784912,-0.07644611597061157
68,1.0650989749999553,114.47296,2.591832399368286,0.0938042476773262,0.07322842627763748,2.08984375,0.21765486896038055,0.0,0.327045738697052,0.01506873220205307,0.5934244990348816,5.232855983194895e-06,4.395002542878501e-05,0.005673717707395554,0.8512009978294373,7.103951930999756,0.17000329494476318,0.0,51.0,0.0,0.0,51.0,0.0,51.0,0.2984547019004822,0.21272039413452148,2.3619791666666665,0.2073218822479248,0.02060471847653389,-0.07646149396896362
69,1.0415143199998056,114.47296,2.536362886428833,0.0992857962846756,0.062589630484581,2.052734375,0.21449479460716248,0.0,0.3156620264053345,0.016175996512174606,0.5559896230697632,5.096826043882174e-06,4.1931616578949615e-05,0.005509519949555397,0.8834807276725769,6.217706680297852,0.15897995233535767,0.0,47.0,0.0,0.0,47.0,0.0,47.0,0.3021283547083537,0.2128930687904358,2.4114990234375,0.2110277016957601,0.02066868667801221,-0.07648670673370361
70,1.0544621179999467,114.47296,2.4682323932647705,0.10339823365211487,0.05288587883114815,1.9990234375,0.21036188304424286,0.0,0.29465991258621216,0.016236837953329086,0.50537109375,5.024903202865971e-06,3.9331207517534494e-05,0.0052961548790335655,0.8937222957611084,5.423142910003662,0.17966513335704803,0.0,71.0,0.0,0.0,71.0,0.0,71.0,0.3067503770192464,0.21309560537338257,2.4864501953125,0.21723886330922446,0.020848333835601807,-0.07651954889297485
71,1.0444364570000744,114.47296,2.3655197620391846,0.10890037566423416,0.045433275401592255,1.955078125,0.20352241396903992,0.0,0.2666829824447632,0.015124662779271603,0.4483235776424408,4.870746124652214e-06,3.646183176897466e-05,0.0050460114143788815,0.8786557912826538,4.810256481170654,0.16045784950256348,0.0,57.0,0.0,0.0,57.0,0.0,57.0,0.31226545572280884,0.21331042051315308,2.584716796875,0.22383650143941244,0.0210012619694074,-0.07655954360961914
72,1.0556484349999664,114.47296,2.2966468334198,0.11557120829820633,0.041616037487983704,1.908203125,0.19892138242721558,0.0,0.24754598736763,0.015076669864356518,0.4039713740348816,4.670898761105491e-06,3.368767647771165e-05,0.0048124417662620544,0.9155723452568054,4.29262113571167,0.17100808024406433,0.0,58.0,0.0,0.0,58.0,0.0,58.0,0.3160701394081116,0.21203690767288208,2.6451822916666665,0.22940431038538614,0.021012502412001293,-0.07662051916122437
73,1.033893333999913,114.47296,2.1995348930358887,0.11992422491312027,0.046683888882398605,1.861328125,0.19290897250175476,0.0,0.21613392233848572,0.013042333535850048,0.3468831479549408,4.590780918078963e-06,3.098580054938793e-05,0.004578816704452038,0.9116291999816895,3.914886474609375,0.12340949475765228,0.0,62.0,0.0,0.0,62.0,0.0,62.0,0.32124658425649005,0.20948335528373718,2.7382405598958335,0.2361141244570414,0.02102268487215042,-0.0766938328742981
74,1.0468702609998672,114.47296,2.1240570545196533,0.12103458493947983,0.04110708460211754,1.80859375,0.18772022426128387,0.0,0.18844124674797058,0.011036155745387077,0.30126953125,4.495923349168152e-06,2.907578891608864e-05,0.004407414700835943,0.8874825239181519,3.652081251144409,0.14870142936706543,0.0,66.0,0.0,0.0,66.0,0.0,66.0,0.32596516609191895,0.19983133673667908,2.8287760416666665,0.2417240341504415,0.02103590965270996,-0.07679319381713867
75,1.0485865260000082,114.47296,2.045961380004883,0.11846935003995895,0.04307936131954193,1.76953125,0.18298634886741638,0.0,0.16138972342014313,0.008734028786420822,0.260986328125,4.241673650540179e-06,2.787227822409477e-05,0.004292900674045086,0.8396374583244324,3.4565353393554688,0.09738846868276596,0.0,48.0,0.0,0.0,48.0,0.0,48.0,0.3304307659467061,0.19195973873138428,2.9136149088541665,0.24733750025431314,0.02117752532164256,-0.07681107521057129
76,1.0406491139999616,114.47296,2.0511152744293213,0.11066219210624695,0.070594422519207,1.7353515625,0.1848519742488861,0.0,0.14617326855659485,0.007886664941906929,0.236083984375,4.128830369154457e-06,2.7427338864072226e-05,0.004223428666591644,0.8166489601135254,3.3023128509521484,0.11632999032735825,0.0,47.0,0.0,0.0,47.0,0.0,47.0,0.3332335551579793,0.18945950269699097,2.9534912109375,0.2505400578180949,0.02117665360371272,-0.044802673161029816
77,1.0282784129999527,114.47296,2.075863838195801,0.10152512788772583,0.05738428235054016,1.708984375,0.18912164866924286,0.0,0.1284058541059494,0.006834409199655056,0.2053629606962204,4.228488251101226e-06,2.735896487138234e-05,0.004182196222245693,0.7690273523330688,3.229687452316284,0.09178560972213745,0.0,39.0,0.0,0.0,39.0,0.0,39.0,0.3358841339747111,0.1873568296432495,2.9959309895833335,0.25396786133448285,0.02115979790687561,-0.04991495609283447
78,1.0174417409998568,114.47296,2.1154448986053467,0.09272266924381256,0.07136344909667969,1.677734375,0.19461023807525635,0.0,0.11116611957550049,0.0057492791675031185,0.175537109375,4.255660314811394e-06,2.7157086151419207e-05,0.0041491626761853695,0.7165584564208984,3.1768603324890137,0.09238946437835693,0.0,40.0,0.0,0.0,40.0,0.0,40.0,0.3380684057871501,0.18590068817138672,3.0526123046875,0.2559797366460164,0.02109278490146001,-0.0782771110534668
79,1.016041759000018,114.47296,2.1608307361602783,0.08629366010427475,0.09282711148262024,1.6572265625,0.2004890888929367,0.0,0.09806957095861435,0.004816775675863028,0.1553955078125,4.1440925997449085e-06,2.734015288297087e-05,0.0041621774435043335,0.699000358581543,3.1602563858032227,0.0715027004480362,0.0,29.0,0.0,0.0,29.0,0.0,29.0,0.33932499090830487,0.18713265657424927,3.0764567057291665,0.25750207901000977,0.021024624506632488,-0.0780869722366333
80,1.007044280999935,114.47296,2.1951041221618652,0.08142761886119843,0.09039190411567688,1.638671875,0.20485588908195496,0.0,0.08873854577541351,0.004322432447224855,0.1432698667049408,4.114158400625456e-06,2.8073973226128146e-05,0.004213263746351004,0.6889911890029907,3.2149243354797363,0.05213822424411774,0.0,21.0,0.0,0.0,21.0,0.0,21.0,0.3400645653406779,0.19070273637771606,3.1148274739583335,0.25777284304300946,0.02093806117773056,-0.07796323299407959
81,1.0280287959999441,114.47296,2.170555830001831,0.08635033667087555,0.08005698770284653,1.62109375,0.20285257697105408,0.0,0.07890842854976654,0.0034609059803187847,0.1269124448299408,4.0631493902765214e-06,2.8779119020327926e-05,0.004281669855117798,0.7051962614059448,3.342923164367676,0.06328409910202026,0.0,25.0,0.0,0.0,25.0,0.0,25.0,0.3406605323155721,0.19479286670684814,3.1394856770833335,0.2582501967748006,0.02087669571240743,-0.11758863925933838
82,1.0114271929999177,114.47296,2.080559492111206,0.09796706587076187,0.11165156215429306,1.6103515625,0.19440361857414246,0.0,0.07166752219200134,0.003004693891853094,0.1118571013212204,3.97167741539306e-06,3.017302879015915e-05,0.004427027888596058,0.7181264162063599,3.537271022796631,0.034119170159101486,0.0,14.0,0.0,0.0,14.0,0.0,14.0,0.3409272034962972,0.19623491168022156,3.1585286458333335,0.25887540976206463,0.020863006512324016,-0.11749732494354248
83,1.0094443370001045,114.47296,1.9071632623672485,0.12336905300617218,0.08653361350297928,1.599609375,0.17679950594902039,0.0,0.0667441189289093,0.0030386894941329956,0.10302734375,3.7825611798325554e-06,3.1783132726559415e-05,0.0045793140307068825,0.7517350912094116,3.8168582916259766,0.05429132282733917,0.0,19.0,0.0,0.0,19.0,0.0,19.0,0.340626319249471,0.20173749327659607,3.1555582682291665,0.2591826319694519,0.020927131175994873,-0.11732685565948486
84,0.9941927859999851,114.47296,1.6496162414550781,0.16299456357955933,0.09875066578388214,1.5908203125,0.15095913410186768,0.0,0.060101043432950974,0.0027761831879615784,0.0941975936293602,3.6565361369866878e-06,3.342785930726677e-05,0.004730116575956345,0.7772750854492188,4.128384113311768,0.059685200452804565,0.0,13.0,0.0,0.0,13.0,0.0,13.0,0.34043320020039874,0.2183937430381775,3.119873046875,0.2586432298024495,0.020931310951709747,-0.11732041835784912
85,0.995193400999824,114.47296,1.3801764249801636,0.21073031425476074,0.10940802097320557,1.5859375,0.12412243336439133,0.0,0.05587103217840195,0.002554538194090128,0.0878092497587204,3.7124143545952393e-06,3.53403520421125e-05,0.004882106091827154,0.7786250114440918,4.477502822875977,0.03489874303340912,0.0,6.0,0.0,0.0,6.0,0.0,6.0,0.3396587371826172,0.2113962471485138,3.1001790364583335,0.25751105944315594,0.02091803898413976,-0.1173332929611206
86,1.013301527000067,114.47296,1.1176601648330688,0.2677586078643799,0.03995790705084801,1.5732421875,0.09742024540901184,0.0,0.050785839557647705,0.0023686133790761232,0.0797526091337204,3.785742137552006e-06,3.802444553002715e-05,0.005077170208096504,0.7769769430160522,4.926450252532959,0.043419741094112396,0.0,16.0,0.0,0.0,16.0,0.0,16.0,0.3387473026911418,0.18683207035064697,3.0673014322916665,0.2565622329711914,0.020847370227177937,-0.11743521690368652
87,1.032208006000019,114.47296,0.9105783700942993,0.3326820135116577,0.04413923621177673,1.56640625,0.07620210945606232,0.0,0.046201761811971664,0.0021764885168522596,0.070068359375,3.8311127354973e-06,4.079962309333496e-05,0.005280597135424614,0.8079657554626465,5.37733268737793,0.04540427029132843,0.0,10.0,0.0,0.0,10.0,0.0,10.0,0.33758707841237384,0.17250502109527588,3.0570068359375,0.2553613583246867,0.020861285428206127,-0.11752104759216309
88,0.9932308279999233,114.47296,0.7963857054710388,0.3988352417945862,0.05985741317272186,1.5625,0.06403127312660217,0.0,0.04324856027960777,0.002022090135142207,0.0640462264418602,3.7686136238335166e-06,4.3554722651606426e-05,0.00547332689166069,0.8778576850891113,5.8334174156188965,0.031414762139320374,0.0,5.0,0.0,0.0,5.0,0.0,5.0,0.3361427386601766,0.16316896677017212,3.0393473307291665,0.25393859545389813,0.02093505859375,-0.09491187334060669
89,0.9933431540000583,114.47296,0.7639613747596741,0.4649142920970917,0.07158047705888748,1.5556640625,0.059831731021404266,0.0,0.0407346673309803,0.0019462620839476585,0.058349609375,3.8831140045658685e-06,4.60447117802687e-05,0.005639152601361275,0.9870443344116211,6.27061653137207,0.039897315204143524,0.0,10.0,0.0,0.0,10.0,0.0,10.0,0.33444535732269287,0.16321951150894165,3.0287679036458335,0.25244345267613727,0.02103789399067561,-0.07780343294143677
90,0.9606767729999319,114.47296,0.8056990504264832,0.5235230326652527,0.09438686817884445,1.5537109375,0.0634286031126976,0.0,0.038109831511974335,0.0017017958452925086,0.0525309257209301,4.152460860495921e-06,4.785766577697359e-05,0.005745852366089821,1.1022348403930664,6.594318389892578,0.023800160735845566,0.0,4.0,0.0,0.0,4.0,0.0,4.0,0.3323875864346822,0.16701775789260864,2.986328125,0.25119702021280926,0.020863689482212067,-0.07776987552642822
91,0.9838627399999496,114.47296,0.9221181273460388,0.5694549083709717,0.11355149745941162,1.548828125,0.07404521852731705,0.0,0.03833412379026413,0.0016744919121265411,0.0504964217543602,4.285397608327912e-06,4.9303540436085314e-05,0.005813965108245611,1.27850341796875,6.743091106414795,0.03249291330575943,0.0,6.0,0.0,0.0,6.0,0.0,6.0,0.32964783906936646,0.17580533027648926,2.875244140625,0.24882646401723227,0.02089936037858327,-0.07669788599014282
92,0.9814814290000413,114.47296,1.0478686094284058,0.5964121222496033,0.10700523108243942,1.5419921875,0.08600448071956635,0.0,0.03823927789926529,0.0016303174197673798,0.0478515625,4.4110993258072995e-06,4.9826601753011346e-05,0.005802071653306484,1.479997992515564,6.679739952087402,0.034865230321884155,0.0,7.0,0.0,0.0,7.0,0.0,7.0,0.3269585768381755,0.184757798910141,2.8202718098958335,0.24624627828598022,0.020598631352186203,-0.11720097064971924
93,1.0139680090001093,114.47296,1.0963115692138672,0.6111117005348206,0.10303705185651779,1.5400390625,0.09044809639453888,0.0,0.03763008117675781,0.0013911649584770203,0.0447998046875,4.505590823100647e-06,4.956238262820989e-05,0.005751151591539383,1.7326797246932983,6.467456817626953,0.031202010810375214,0.0,3.0,0.0,0.0,3.0,0.0,3.0,0.32441967725753784,0.18412944674491882,2.7596028645833335,0.2441702882448832,0.020089284827311833,-0.11698448657989502
94,1.0696787459999086,114.47296,1.135162353515625,0.6144040822982788,0.10807972401380539,1.5380859375,0.09374507516622543,0.0,0.039642106741666794,0.001452558091841638,0.0430908203125,4.853172413277207e-06,4.850896948482841e-05,0.005700820591300726,2.0666112899780273,6.17915678024292,0.037738293409347534,0.0,7.0,0.0,0.0,7.0,0.0,7.0,0.32210254669189453,0.18649739027023315,2.7119140625,0.24195647239685059,0.019615547110637028,-0.11692535877227783
95,0.9556803850000506,114.47296,1.1672512292861938,0.6137620210647583,0.07939602434635162,1.5341796875,0.09639512002468109,0.0,0.041215330362319946,0.0012781352270394564,0.0381673201918602,5.2236382543924265e-06,4.7252960939658806e-05,0.005663992837071419,2.4177606105804443,5.830562591552734,0.050887178629636765,0.0,5.0,0.0,0.0,5.0,0.0,5.0,0.3207885225613912,0.17704862356185913,2.66845703125,0.24075071016947427,0.018978320062160492,-0.11691677570343018
96,1.003038474999812,114.47296,1.2436671257019043,0.6096249222755432,0.08757679164409637,1.53125,0.10384760797023773,0.0,0.044236209243535995,0.0010163364931941032,0.0357259139418602,5.43321721124812e-06,4.584779526339844e-05,0.00563597958534956,2.786134719848633,5.499017238616943,0.03697573393583298,0.0,4.0,0.0,0.0,4.0,0.0,4.0,0.3198651870091756,0.1776583194732666,2.6334228515625,0.23958889643351236,0.018500385185082752,-0.11703813076019287
97,1.0384523430000172,114.47296,1.3430297374725342,0.594268798828125,0.07866469770669937,1.52734375,0.11349122226238251,0.0,0.04956474155187607,0.0007345349877141416,0.0323893241584301,5.765146852354519e-06,4.423879363457672e-05,0.0055899000726640224,3.061796188354492,5.123708724975586,0.04656335711479187,0.0,4.0,0.0,0.0,4.0,0.0,4.0,0.31872618198394775,0.18325567245483398,2.5760498046875,0.23804299036661783,0.017987091094255447,-0.11722910404205322
98,1.0545708869999544,114.47296,1.4188408851623535,0.5704600811004639,0.09762345254421234,1.5244140625,0.12078174948692322,0.0,0.05849958956241608,0.0007128367433324456,0.0360107421875,6.202079021022655e-06,4.3063657358288765e-05,0.005545738153159618,3.378467082977295,4.787862777709961,0.05389213562011719,0.0,4.0,0.0,0.0,4.0,0.0,4.0,0.3170965313911438,0.19020849466323853,2.5396728515625,0.23649821678797403,0.017836857587099075,-0.11713480949401855
99,1.036672395999858,114.47296,1.4837645292282104,0.5370461344718933,0.09675877541303635,1.5234375,0.12668339908123016,0.0,0.07151374220848083,0.0008403933607041836,0.0480143241584301,6.628150003962219e-06,4.324987457948737e-05,0.005567128770053387,3.5918426513671875,4.597901344299316,0.06883932650089264,0.0,4.0,0.0,0.0,4.0,0.0,4.0,0.31580638885498047,0.19413453340530396,2.4873453776041665,0.23508294423421225,0.0173566738764445,-0.11719143390655518
